その	その	A: []本は面白いです。<br>B: 本当ですね。	その	that	[0]
物	物[もの]	A: このテーブルは何の[]ですか。<br>B: 木です。	物	thing/object	[1]
そう	そう	A: 本当ですか。<br>B: []だ。	そう	so/like that	[1]
何	何[なに]	A: 昨日の夜、映画を見ましたか。<br>B: いいえ、[]も見ていません。	何	what	[0]
私	私[わたし]	A: あなたはどこから来ましたか。<br>B: []は日本から来ました。	私	I/me	[2]
それ	それ	A: あの本は面白いですか。<br>B: はい、[]はとても面白いです。	それ	that	[0]
この	この	A: []猫は可愛いですね。<br>B: 本当です。	この	this	[0]
これ	これ	A: このペンは誰のですか。<br>B: []は私のです。	これ	this	[0]
時	時[とき]	A: その[]、何をしていましたか。。<br>B: テレビを見ていました。	時	when/time	[2]
人	人[ひと]	A: あの[]は誰ですか。<br>B: 私の友達です。	人	person	[1]
良い	良[い]い	A: 今日のお天気はどうですか。<br>B: とても[]です。	良い	good	[1]
今	今[いま]	A: []何時ですか。<br>B: 三時です。	今	now	[1]
自分	自分[じぶん]	A: []で出来ますか。<br>B: はい、大丈夫です。	自分	oneself	[2]
やはり	やはり	A: 昨日も来ましたか。<br>B: []来ました。	やはり	as expected	[3]
できる	できる	A: 泳ぐことが出来ますか。<br>B: はい、[]。	できる	can/be able	[2]
また	また	A: 今日はありがとうございました。楽しかったです。<div>B: 私もです。[]来ますね。</div>	また	again	[1]
方	方[ほう]	A: どちら[]が好きですか。<br>B: 右が好きです。	方	side/direction	[1]
訳	訳[わけ]	A: なぜ来なかったのですか。<br>B: 病気だった[]。	訳	reason	[1]
へ	へ	A: 学校[]行きます。<br>B: そうですね。	へ	to/towards	[0]
どう	どう	A: 顔色が悪いですよ。[]しましたか。<br>B: あ、いいえ、何もないです。大丈夫です。	どう	how	[1]
本当	本当[ほんとう]	A: あの人は田中さんですか。<br>B: はい、[]だ。	本当	truth/really	[2]
出す	出[だ]す	A: 宿題を[]ましたか。<br>	出し	take out/submit	[1]
日本	日本[にほん]	A: どこから来ましたか。<br>B: []から来ました。	日本	Japan	[2]
多い	多[おお]い	A: 兄弟は何人ですか。<br>B: []。五人です。	多い	many/much	[1]
よく	よく	A: []勉強しますか。<br>B: はい、毎日します。	よく	often/well	[1]
一つ	一[ひと]つ	A: リンゴを何個買いましたか。<br>B: []。	一つ	one	[2]
気	気[き]	A: []に入りましたか。<br>B: はい、すごくいいです。	気	mind/spirit	[1]
より	より	A: 兄と弟ではどちらが背が高いですか。<br>B: 兄が弟[]高い。	より	than	[1]
ここ	ここ	A: 駅はどこですか。<br>B: []はあそこです。	ここ	here	[1]
とても	とても	A: 昨日の映画はどうでしたか。<br>B: []面白かった。	とても	very	[2]
行う	行[おこな]う	A: 明日何をしますか。<br>B: 会議を[]。	行う	conduct/perform	[2]
一番	一番[いちばん]	A: ラーメンが好きですか。<br>B: はい、[]好きです。	一番	first/most	[2]
同じ	同[おな]じ	A: この二つは違いますか。<br>B: いいえ、[]ですよ。	同じ	same	[2]
必要	必要[ひつよう]	A: 特急券は[]ですか<br><div>B: はい、そうですね。</div>	必要	necessary	[2]
仕事	仕事[しごと]	A: お[]は。<br>B: エンジニアです。	仕事	work/job	[2]
かもしれない	かもしれない	A: 明日、雨が降りますか。<br>B: たぶん、降らない[]。	かもしれません	maybe/perhaps(pure guessing)	[4]
彼	彼[かれ]	A: あの人は誰ですか。<br>B: []は私の友達です。	彼	he	[1]
次	次[つぎ]	A: []は何をしますか。<br>B: 掃除をします。	次	next	[2]
問題	問題[もんだい]	A: 宿題は難しいですか。<br>B: はい、[]は難しいです。	問題	problem	[2]
目	目[め]	A: 体のどこが痛いですか。<br>B: []が痛いです。	目	eye	[1]
頃	頃[ころ]	A: いつ来ましたか。<br>B: 三時[]に来ました。	頃	about/time	[2]
いつ	いつ	A: []来ましたか。<br>B: 先週の火曜日に来ました。	いつ	when	[1]
家	家[いえ]	A: どこに住んでいますか。<br>B: []に住んでいます。	家	house/home	[2]
付く	付[つ]く	A: カバンはどうですか？汚れが[]ましたか？<br>B: いいえ、大丈夫です。きれいです。	付き	stick/attach	[1]
日	日[ひ]	A: いつが父のおたんじょうびですか。<br>B: あすの[]です。	日	day	[1]
一人	一人[ひとり]	A: 何人来ましたか。<br>B: []です。	一人	one person	[2]
人間	人間[にんげん]	&nbsp;[]は動物です。	人間	human being	[2]
どこ	どこ	A: 田中さんは東京に住んでいますか。<br>B: はい、そこに[]います。	どこ	where	[1]
時間	時間[じかん]	A: 二じかん勉強しましたか。<br>B: はい、二[]勉強しました。	時間	time/hour	[2]
ただ	ただ	A: 何してたの？<div>B: []ピザを食べているだけです。</div>	ただ	only	[1]
違う	違[ちが]う	A: これは右ですか。<br>B: いいえ、[]。	違う	different/wrong	[2]
言葉	言葉[ことば]	A: 先生、この[]の意味を教えてください。<br>B: はい、これは「友達」という意味ですよ。	言葉	word/language	[2]
少し	少[すこ]し	A: 砂糖はいりますか。<br>B: はい、[]入れてください。	少し	a little	[2]
手	手[て]	A: パソコンで書きますか。<br>B: いいえ、[]で書きます。	手	hand	[1]
形	形[かた]	A: このスマホは新[]ですか。<br>B: はい、先週発売されました。	形	form/shape	[2]
かなり	かなり	A: 難しいですか。<br>B: はい、[]難しい。	かなり	considerably/quite	[2]
最初	最初[さいしょ]	A: 日本はどうでしたか。 &nbsp;<div>B: []は少し不安でした。</div>	最初	first	[2]
感じる	感[かん]じる	A: どう[]ましたか。<br>B: ちょっと難しかったね。	感じ	feel	[2]
しか	しか	A: 昨日のパーティーはどうでしたか。何人来ましたか。<div>B: うーん、あまり良くなかったです。一人[]来ませんでした。</div>	しか	only/merely	[1]
大きな	大[おお]きな	A: 李さんは、将来の[]夢がありますか。<div>B: はい、いつか自分の会社を作りたいです。</div>	大きな	big/large	[2]
最近	最近[さいきん]	A: 日本語を勉強していますか。<br>B: はい、[]勉強しています。	最近	recently	[2]
特に	特[とく]に	A: 何が好きですか。<br>B: []コーヒーが好き。	特に	especially	[2]
誰	誰[だれ]	A: 玄関にいる人はだれですか。<br>B: 友達が[]来ました。	誰	who	[1]
友達	友達[ともだち]	A：その人はだれ？ &nbsp;<div>B：私の[]だよ。</div>	友達	friend	[2]
一緒	一緒[いっしょ]	A：明日の朝、[]にジムに行きませんか？<div>B：いいですね。行きましょう。</div>	一緒	together	[2]
あげる	あげる	A：そのペン、いいね。 &nbsp;<div>B：うん。[]よ。 &nbsp;</div><div>A：ほんとう？ありがとう。</div>	あげる	give/raise	[2]
現在	現在[げんざい]	A: この本は高いですか。<br>B: はい、[]です。	現在	now/present	[2]
高い	高[たか]い	A: この本はいくらですか。<br>B: とても[]です。	高い	expensive/high	[2]
悪い	悪[わる]い	A: このコーヒーはどうですか。<br>B: []。美味しくない。	悪い	bad	[1]
気持ち	気持[きもち]ち	A: お風呂（ふろ）、どうだった？ &nbsp;<div>B: すごく[]よかった！</div>	気持ち	feeling	[2]
見える	見[み]える	あの店は高そうに[]ます。	見え	can see/seems	[2]
変わる	変[か]わる	A: 信号が青に[]ました。行きましょう。<div>B: はい。</div>	変わり	change	[2]
会社	会社[かいしゃ]	A: どこで働いていますか。<br>B: []で働いています。	会社	company	[2]
ほとんど	ほとんど	A:昨日の夜、何をしましたか。<br>B: []寝ました。	ほとんど	almost/hardly	[2]
実際	実際[じっさい]	A: この店、おいしい？ &nbsp;&nbsp;<div>B: うーん、[]は あまり おいしくない。</div>	実際	actually/in fact	[2]
先生	先生[せんせい]	A: 田中さんは仕事は何ですか。<br>B: []です。	先生	teacher	[2]
彼女	彼女[かのじょ]	A: 田中さんの妹はいますか。<br>B: はい、[]がいます。	彼女	girlfriend	[2]
二人	二人[ふたり]	A: 何人来ましたか。<br>B: []来ました。	二人	two people	[2]
心	心[こころ]	A: だいじょうぶ？<div>B: うん、でも[]がちょっとつかれた。</div>	心	heart/mind	[1]
あの	あの	A: 遠くの人は田中さんですか。<br>B: はい、[]人です。	あの	that	[0]
金	金[かね]	A: このスノーボードが欲しいですが、[]はありません。<div>B: 残念だね。</div>	お金	money	[1]
町	町[まち]	A: どんな所に住んでいますか。<br>B: 静かな[]に住んでいます。	町	town/city	[1]
および	および	A: りんごとみかん[]ぶどうをください。<br>B: かしこまりました。	および	and/as well as	[2]
たくさん	たくさん	A: 何をもっていますか。<br>B: []本をもっています。	たくさん	many/much	[2]
大体	大体[だいたい]	A: 何時に来ますか。<br>B: []三時です。	大体	almost/roughly	[2]
もちろん	もちろん	A: 明日来ますか。<br>B: []来ます。	もちろん	of course	[2]
人たち	人[ひと]たち	A: 明日は何曜日ですか。<br>B: []は火曜日です。	人たち	people	[2]
今日	今日[きょう]	A: 子供の時は楽しかったですか。<br>B: はい、[]は楽しかったです。	今日	today	[2]
昔	昔[むかし]	A: 子供の頃は楽しかったですか。<br>B: はい、[]は楽しかったです。	昔	long ago/past	[2]
うん	うん	A: 持っているものを見せてください。<br>B: はい、[]持っています。	うん	yes/yeah	[1]
すべて	すべて	A: 田中さんの家には何人いますか。<br>B: []が三人います。	すべて	everything/all	[2]
子	子[こ]	A: 掃除の後は何をしますか。<br>B: []は洗濯です。	子	child	[1]
次	次[つぎ]	A: この後は何をしますか。<br>B: []掃除をします。	次	next	[2]
結構	結構[けっこう]	A: 面白いですか。<br>B: はい、[]面白い。	結構	quite/fairly	[2]
例えば	例[たと]えば	A: 体のどこが痛いですか。<br>B: []が痛いです。	例えば	for example	[2]
頭	頭[あたま]	A: 友達と話しましたか。<br>B: はい、[]で話しました。	頭	head	[1]
電話	電話[でんわ]	A: 三冊読みましたか。<br>B: はい、三冊の[]を読みました。	電話	telephone/call	[2]
本	本[ほん]	A: 何冊読みましたか。<br>B: 三冊の[]を読みました。	本	book	[1]
どの	adn. which	A: []本が好きですか。<br>B: この本が好きです。	どの	which	[1]
わ	p. disc. EXCLAMATION	A: 違うクラスですか。<br>B: いいえ、[]クラスです。	わ	exclamation particle	[1]
別	別[べつ]	A: 学生ですか。<br>B: はい、[]です。	別	separate/different	[1]
者	者[もの]	A: あなたは学生ですか。<br>B: はい、[]です。	者	person/people	[1]
タイトル	タイトル	A: 田中さんは何をしていますか。<br>B: []は会社員です。	タイトル	title	[2]
親	親[おや]	A: あなたは田中さんですか。<br>B: はい、[]は田中です。	親	parent	[1]
名前	名前[なまえ]	A: パスタを食べましたか。<br>B: はい、[]食べました。	名前	name	[2]
全部	全部[ぜんぶ]	A: クラスの人は元気ですか。<br>B: はい、[]も元気です。	全部	all/whole	[2]
皆さん	皆[みな]さん	A: この花は美しいですか。<br>B: はい、とても[]です。	皆さん	everybody/everyone	[3]
きれい	きれい	A: 朝は何をしますか。<br>B: []日本語を勉強します。	きれい	beautiful/clean	[2]
毎日	毎日[まいにち]	A: このケーキは美味しいですか。<br>B: はい、とても[]です。	毎日	every day	[2]
おいしい	おいしい	A: このケーキは美味しいですか。<br>B: はい、とても[]です。	おいしい	delicious/tasty	[3]
または	または	A: 家には何人いますか。<br>B: []は四人です。	または	or	[2]
家族	家族[かぞく]	A: ケーキのどこが好きですか。<br>B: この[]が好きです。	家族	family	[2]
部分	部分[ぶぶん]	A: 来たことはありますか。<br>B: はい、[]来ました。	部分	part/section	[2]
一度	一度[いちど]	A: テストの結果はどうでしたか。<br>B: []は良かったです。	一度	once	[2]
結果	結果[けっか]	A: テストはどうでしたか。<br>B: []は成功でした。	結果	result	[2]
じゃ	conj. well	A: 今はどんな時ですか。<br>B: []は忙しい時です。	じゃ	well/so (casual)	[1]
状況	状況[じょうきょう]	A: 日本語の先生は何人いますか。<br>B: []です。	状況	situation/state	[3]
時代	時代[じだい]	A: この寿司は美味しいですか。<br>B: はい、とても[]です。	時代	era/time	[2]
少ない	少[すく]ない	A: 日本の首都はどこですか。<br>B: []です。	少ない	few/small amount	[2]
うまい	うまい	A: このラーメンは美味しいですか。<br>B: はい、とても[]です。	うまい	delicious/good	[2]
東京	東京[とうきょう]	A: 日本の首都はどこですか。<br>B: []です。	東京	Tokyo	[2]
続く	続[つづ]く	A: 田中さんは誰ですか。<br>B: []は私です。	続く	continue/last	[1]
俺	俺[おれ]	A: どこで生まれましたか。<br>B: 東京で[]ました。	俺	I (male/rough)	[1]
生まれる	生[う]まれる	A: 田中さんは何をしていますか。<br>B: []は会社員です。	生まれる	be born	[2]
父	父[ちち]	A: これは田中さんの本ですか。<br>B: はい、[]です。	父	father	[1]
確か	確[たしか]	A: 学生は何をしますか。<br>B: []勉強します。	確か	sure/certain	[2]
それぞれ	それぞれ	A: どうやって日本語を勉強しますか。<br>B: この[]で勉強します。	それぞれ	each	[2]
方法	方法[ほうほう]	A: 田中さんは来ますか。<br>B: はい、来る[]です。	方法	way/method	[2]
はず	はず	A: 先生に何をしましたか。<br>B: []を聞きました。	はず	supposed to/ought to	[1]
説明	説明[せつめい]	A: 先生に聞きましたか。<br>B: はい、[]を聞きました。	説明	explanation	[2]
ちょうど	ちょうど	A: それは当然ですか。<br>B: はい、[]です。	ちょうど	just/exactly	[1]
当然	当然[とうぜん]	A: どこで日本語を勉強しますか。<br>B: []で勉強します。	当然	naturally/of course	[2]
大学	大学[だいがく]	A: どこで日本語を勉強しますか。<br>B: []で勉強します。	大学	university/college	[2]
ですから	ですから	A: 本当のことを教えてください。<br>B: []は難しいです。	ですから	so/therefore	[2]
実	実[じつ]	A: 夜は何をしますか。<br>B: []テレビを見ます。	実	truth/true	[1]
朝	朝[あさ]	A: 速く走りますか。<br>B: はい、[]走ります。	朝	morning	[1]
どんどん	どんどん	A: 速く走りますか。<br>B: はい、[]走ります。	どんどん	rapidly/fast	[2]
得る	得[え]る	A: 何を得ましたか。<br>B: []知識を得ました。	得る	get/obtain	[1]
とにかく	とにかく	A: どうしますか。<br>B: []来てください。	とにかく	anyway/regardless	[2]
選ぶ	選[えら]ぶ	A: 何を選びましたか。<br>B: []この本を選びました。	選ぶ	choose/select	[1]
戻る	戻[もど]る	A: 日本語をしていますか。<br>B: はい、[]をしています。	戻る	return/go back	[2]
勉強	勉強[べんきょう]	A: 家の近くはどうですか。<br>B: []は静かです。	勉強	study	[2]
まわり	まわり	A: ペットはいますか。<br>B: はい、[]がいます。	まわり	circumference	[2]
犬	犬[いぬ]	A: 毎日学校に行きますか。<br>B: はい、[]行きます。	犬	dog	[1]
必ず	必ず	A: 明日来ますか。<br>B: はい、[]来ます。	必ず	always/certainly	[2]
残す	残[のこ]す	A: これは大切ですか。<br>B: はい、とても[]です。	残す	leave	[1]
大事	大事[だいじ]	A: うれしいですか。<br>B: はい、とても[]です。	大事	important/serious	[2]
嬉しい	嬉[うれ]しい	A: うれしいですか。<br>B: はい、とても[]です。	嬉しい	glad/happy	[2]
力	力[ちから]	A: どんなパワーがありますか。<br>B: 強い[]があります。	力	power/strength	[1]
理由	理由[りゆう]	A: 田中さんは何をしていますか。<br>B: []は仕事をしています。	理由	reason	[2]
女	女[おんな]	A: 映画は何を見ますか。<br>B: []はアクションです。	女	woman/female	[1]
今回	今回[こんかい]	A: 人生はどうですか。<br>B: []は短いです。	今回	this time	[2]
人生	人生[じんせい]	A: 駅前はどうですか。<br>B: []はにぎやかです。	人生	life	[2]
通り	通[とおり]	A: 本の中身はどうですか。<br>B: []は面白いです。	通り	street	[1]
内容	内容[ないよう]	A: 毎日何を見ますか。<br>B: []を見ます。	内容	contents	[2]
テレビ	テレビ	A: 日本に来たことはありますか。<br>B: はい、[]があります。	テレビ	television/TV	[2]
経験	経験[けいけん]	A: 公園には何がありますか。<br>B: []があります。	経験	experience	[2]
木	木[き]	A: 山や海は好きですか。<br>B: はい、[]が好きです。	木	tree/wood	[1]
自然	自然[しぜん]	A: その音楽はどうですか。<br>B: []は大きいです。	自然	nature	[2]
音	音[おと]	A: これでいいですか。<br>B: はい、[]いいです。	音	sound/noise	[1]
一応	一応[いちおう]	A: これでいいですか。<br>B: はい、[]いいです。	一応	at first glance	[2]
与える	与[あた]える	A: パソコンを使いますか。<br>B: はい、[]します。	与える	give	[2]
利用	利用[りよう]	A: コーヒーをください。<br>B: はい、[]ですね。	利用	use/utilization	[2]
一杯	一杯[いっぱい]	A: コーヒーを一はいください。<br>B: はい、[]ですね。	一杯	cup(ful)/full	[2]
つまり	つまり	A: 友達と来ましたか。<br>B: はい、[]来ました。	つまり	in short/that is	[2]
共	共[とも]	A: その会社はまだありますか。<br>B: はい、[]があります。	共	with/together	[1]
存在	存在[そんざい]	A: それは絶対ですか。<br>B: はい、[]です。	存在	existence	[2]
絶対	絶対[ぜったい]	A: 田中さんは日本出身ですか。<br>B: はい、[]です。	絶対	absolute/absolutely	[2]
日本人	日本人[にほんじん]	A: これは大切ですか。<br>B: はい、とても[]です。	日本人	Japanese (person)	[2]
大切	大切[たいせつ]	A: どこが痛いですか。<br>B: []が痛いです。	大切	important	[2]
足	足[あし]	A: どこが痛いですか。<br>B: []が痛いです。	足	foot/leg	[1]
走る	走[はし]る	A: 写真を撮りましたか。<br>B: はい、[]を撮りました。	走る	run	[1]
写真	写真[しゃしん]	A: 公園にいるのはだれですか。<br>B: []が遊んでいます。	写真	picture/photo	[2]
子供たち	子供[こども]たち	A: 日本語は上手になりましたか。<br>B: はい、[]上手になりました。	子供たち	children	[3]
だんだん	だんだん	A: 日本語は上手になりましたか。<br>B: はい、[]上手になりました。	だんだん	gradually	[2]
二つ	二[ふた]つ	A: いくつありますか。<br>B: []あります。	二つ	two	[2]
楽しむ	楽[たの]しむ	A: 何を楽しみますか。<br>B: []映画を楽しみます。	楽しむ	enjoy	[2]
五	五[ご]	A: 本を持っていますか。<br>B: はい、[]持っています。	五	five	[1]
多く	多[おお]く	A: 何語を話しますか。<br>B: []を話します。	多く	many/most	[2]
英語	英語[えいご]	A: どこが痛いですか。<br>B: []が痛いです。	英語	English language	[2]
口	口[くち]	A: どこが痛いですか。<br>B: []が痛いです。	口	mouth	[1]
送る	送[おく]る	A: 田中さんはどんな人ですか。<br>B: []はきれいです。	送る	send	[1]
姿	姿[すがた]	A: どんな見た目ですか。<br>B: []は美しいです。	姿	figure/shape	[2]
なくなる	なくなる	A: 夏はいつですか。<br>B: []は七月です。	なくなる	disappear/be gone	[2]
時期	時期[じき]	A: それは逆ですか。<br>B: はい、[]です。	時期	time/period	[2]
逆	逆[ぎゃく]	A: 明日の試験は頑張りますか。<br>B: はい、[]ります。	逆	contrary/opposite	[1]
頑張る	頑張[がんば]る	A: 頑張りますか。<br>B: はい、[]ります。	頑張る	do one's best	[2]
示す	示[しめ]す	A: 何を示しましたか。<br>B: []道を示しました。	示す	show	[1]
こそ	こそ	A: 町の人は何をしていますか。<br>B: []は働いています。	こそ	emphatic particle	[1]
人々	人々[ひとびと]	A: 町の人は何をしていますか。<br>B: []は働いています。	人々	people	[2]
道	道[みち]	A: どの通りを行きますか。<br>B: この[]を行きます。	道	way/road	[1]
思い	思[おも]い	A: どんな気持ちですか。<br>B: []は複雑です。	思い	thought/mind	[1]
しかも	しかも	A: 美しいですか。<br>B: はい、[]若い。	しかも	moreover/besides	[2]
彼ら	彼[かれ]ら	A: 学生は何をしていますか。<br>B: []は勉強をしています。	彼ら	they	[2]
程度	程度[ていど]	A: 日本語はどのくらい話せますか。<br>B: この[]で十分です。	程度	degree/level	[2]
願う	願[ねが]う	A: 何を望みますか。<br>B: []幸せになりたいです。	願う	wish/pray	[1]
すでに	すでに	A: もう来ましたか。<br>B: はい、[]来ました。	すでに	already	[2]
昭和	昭和[しょうわ]	A: いつからですか。<br>B: []は1926年からです。	昭和	Showa era	[2]
向かう	向[む]かう	A: どこに向かいますか。<br>B: 駅に[]。	向かう	face/head towards	[1]
連れる	連[つ]れる	A: 誰を連れてきましたか。<br>B: 友達を[]ました。	連れる	take/accompany	[1]
変える	変[か]える	A: 誰を連れてきましたか。<br>B: 友達を[]てきました。	変える	change	[2]
影響	影響[えいきょう]	A: 何を変えましたか。<br>B: 計画を[]ました。	影響	influence	[2]
病院	病院[びょういん]	A: その映画はどうでしたか。<br>B: []は大きかったです。	病院	hospital/clinic	[2]
年	年[とし]	A: 病気の時はどこに行きますか。<br>B: []に行きます。	年	year/age	[1]
花	花[はな]	A: 今年は何年ですか。<br>B: []は2026年です。	花	flower	[1]
求める	求[もと]める	A: この花は何色ですか。<br>B: []は赤です。	求める	ask/demand	[2]
情報	情報[じょうほう]	A: どんなニュースがありますか。<br>B: []はここにあります。	情報	information	[2]
もらう	もらう	A: その知らせはどこにありますか。<br>B: []はここにあります。	もらう	get/receive	[1]
友人	友人[ゆうじん]	A: 田中さんには友達がいますか。<br>B: はい、[]がいます。	友人	friend	[2]
だめ	だめ	A: 田中さんには友達がいますか。<br>B: はい、[]がいます。	だめ	useless/no good	[1]
経つ	経[た]つ	A: どのくらい経ちましたか。<br>B: []一年経ちました。	経つ	pass/go by	[1]
先程	先程[さきほど]	A: さっきは何をしていましたか。<br>B: []テレビを見ていました。	先程	a short while ago	[2]
一回	一回[いっかい]	A: 何回来ましたか。<br>B: []来ました。	一回	once	[2]
十分	十分[じゅうぶん]	A: お金は足りていますか。<br>B: はい、[]です。	十分	enough/sufficient	[2]
小さな	小[ちい]さな	A: []犬がいますか。<br>B: はい、[]犬がいます。	小さな	small/little	[2]
開く	開[ひら]く	A: 窓を開きましたか。<br>B: はい、[]ました。	開く	open/bloom	[1]
無人島	無人島[むじんとう]	A: あの島はどこにありますか。<br>B: []は遠い所にあります。	無人島	uninhabited island	[3]
続ける	続[つづ]ける	A: どのくらい続けますか。<br>B: []一年続けます。	続ける	continue/keep up	[2]
重要	重要[じゅうよう]	A: これは大切ですか。<br>B: はい、とても[]です。	重要	important	[2]
といった	といった	A: どんな物ですか。<br>B: []本という物です。	といった	like/such as	[2]
当たる	当[あ]たる	A: 予想は当たりましたか。<br>B: はい、[]ました。	当たる	hit/guess right	[1]
近い	近[ちか]い	A: 駅は遠いですか。<br>B: いいえ、とても[]です。	近い	near/close	[1]
結婚	結婚[けっこん]	A: もうけっこんしましたか。<br>B: はい、[]しました。	結婚	marriage	[2]
認める	認[みと]める	A: 何を認めましたか。<br>B: []事実を認めました。	認める	recognize/admit	[2]
これら	これら	A: これは何ですか。<br>B: []は本です。	これら	these	[2]
歴史	歴史[れきし]	A: 日本の過去を勉強しますか。<br>B: はい、[]を勉強します。	歴史	history	[2]
増える	増[ふ]える	A: 何が増えましたか。<br>B: []人数が増えました。	増える	increase/gain	[2]
音楽	音楽[おんがく]	A: どんな曲が好きですか。<br>B: ロック[]が好きです。	音楽	music	[2]
外	外[そと]	A: 家のそとが寒いですか。<br>B: はい、[]は寒いです。	外	outside	[1]
進む	進[すす]む	A: どこに進みますか。<br>B: 前に[]。	進む	go forward/progress	[1]
嫌	嫌[きら]い	A: これは好きですか。<br>B: いいえ、[]です。	嫌	unpleasant/hate	[2]
いや	いや	A: 来ますか。<br>B: []、来ません。	いや	no	[1]
はい	はい	A: 来ますか。<br>B: []、来ます。	はい	yes	[1]
映画	映画[えいが]	A: えいが館に行きますか。<br>B: はい、[]を見に行きます。	映画	movie	[2]
身	身[み]	A: 体はどうですか。<br>B: []は元気です。	身	body/oneself	[1]
客	客[きゃく]	A: レストランにだれが来ましたか。<br>B: []が来ました。	客	guest/customer	[1]
質問	質問[しつもん]	A: 先生に何か聞きましたか。<br>B: はい、[]をしました。	質問	question	[2]
含む	含[ふく]む	A: 何が含まれていますか。<br>B: []果物が含まれています。	含む	contain/include	[1]
地域	地域[ちいき]	A: そのちいきはどうですか。<br>B: []は静かです。	地域	region/area	[2]
我が	我[わ]が	A: 私の国はどこですか。<br>B: []国は日本です。	我が	my/one's	[1]
どうしても	どうしても	A: 必ず行きますか。<br>B: はい、[]行きます。	どうしても	by any means	[3]
娘	娘[むすめ]	A: 田中さんにむすめさんがいますか。<br>B: はい、[]がいます。	娘	daughter	[1]
見せる	見[み]せる	A: 何を見せましたか。<br>B: []写真を見せました。	見せる	show	[1]
一日	一日[いちにち]	A: 一昼夜は何時間ですか。<br>B: []は24時間です。	一日	a day/one day	[2]
平成	平成[へいせい]	A: いつからですか。<br>B: []は1989年からです。	平成	Heisei era	[2]
図	図[ず]	A: これは何ですか。<br>B: []です。	図	drawing/diagram	[1]
紹介	紹介[しょうかい]	A: 田中さんを知っていますか。<br>B: はい、[]しました。	紹介	introduction	[2]
合わせる	合[あ]わせる	A: 何を合わせましたか。<br>B: []時間を合わせました。	合わせる	join/adjust	[2]
つらい	つらい	A: 大変ですか。<br>B: はい、とても[]です。	つらい	difficult/painful	[2]
規定	規定[きてい]	A: ルールはありますか。<br>B: はい、[]があります。	規定	regulation	[2]
どちら	どちら	A: 右と左、どっちがいいですか。<br>B: []がいいです。	どちら	which/where	[2]
中心	中心[ちゅうしん]	A: 町の真ん中はどこですか。<br>B: []は駅です。	中心	center	[2]
起こる	起[お]こる	A: 何が起こりましたか。<br>B: []事故が起こった。	起こる	happen/occur	[2]
我々	我々[われわれ]	A: 私たちは何をしますか。<br>B: []は働きます。	我々	we	[2]
母さん	母[かあ]さん	A: 田中さんのおかあさんは料理をしていますか。<br>B: はい、[]が料理をしています。	母さん	mother/mom	[2]
立てる	立[た]てる	A: 何を立てましたか。<br>B: []計画を立てました。	立てる	stand/set up	[1]
最も	最[もっと]も	A: 何が大切ですか。<br>B: []は健康です。	最も	most/extremely	[2]
探す	探[さが]す	A: 何を探しましたか。<br>B: []本を探しました。	探す	look for/search	[1]
ちゃんと	ちゃんと	A: きちんと食べましたか。<br>B: はい、[]食べました。	ちゃんと	properly/regularly	[2]
興味	興味[きょうみ]	A: スポーツに何がありますか。<br>B: []があります。	興味	interest	[2]
いただく	いただく	A: 何をいただきましたか。<br>B: []ご飯をいただきました。	いただく	receive/eat (humble)	[2]
売る	売[う]る	A: 何を売りましたか。<br>B: []本を売りました。	売る	sell	[1]
変化	変化[へんか]	A: その事件でかわりがありましたか。<br>B: はい、[]がありました。	変化	change	[2]
印象	印象[いんしょう]	A: 田中さんはどんな人ですか。<br>B: []は良いです。	印象	impression	[2]
作品	作品[さくひん]	A: その映画はどうでしたか。<br>B: []は素晴らしかったです。	作品	work/production	[2]
でございます	でございます	A: これは何ですか。<br>B: 本[]。	でございます	be (formal)	[3]
参加	参加[さんか]	A: そのパーティーに行きましたか。<br>B: はい、[]しました。	参加	participation	[2]
理解	理解[りかい]	A: 日本語が分かりましたか。<br>B: はい、[]しました。	理解	understanding	[2]
事件	事件[じけん]	A: その事故は大変でしたか。<br>B: はい、[]でした。	事件	incident/event	[2]
中国	中国[ちゅうごく]	A: ちゅうごくはどこですか。<br>B: []はアジアです。	中国	China	[2]
ずつ	ずつ	A: 一つづつもらいましたか。<br>B: はい、一個[]もらいました。	ずつ	each/by	[1]
母親	母親[ははおや]	A: 田中さんのお母さんは何をしていますか。<br>B: []は仕事をしています。	母親	mother	[2]
取り敢えず	取[と]り敢[あ]えず	A: とりあえず来てください。<br>B: 分かりました。	取り敢えず	for the time being	[3]
ところが	ところが	A: そうですか。<br>B: []そうではありません。	ところが	however	[2]
目的	目的[もくてき]	A: 学校に行く理由は何ですか。<br>B: []は勉強です。	目的	purpose	[2]
様々	様々[さまざま]	A: どんなことがありますか。<br>B: []のことがあります。	様々	various/all kinds	[2]
答える	答[こた]える	A: 何に答えますか。<br>B: 質問に[]。	答える	answer/respond	[2]
過ごす	過[す]ごす	A: どのように過ごしますか。<br>B: []楽しく過ごします。	過ごす	spend/live	[2]
上がる	上[あ]がる	A: 何が上がりましたか。<br>B: []気温が上がった。	上がる	go up/rise	[1]
一方	一方[いっぽう]	A: その問題の片方はどうですか。<br>B: []は難しいです。	一方	one side	[2]
心配	心配[しんぱい]	A: しんぱいですか。<br>B: はい、[]です。	心配	anxious/worried	[2]
それでも	それでも	A: そうですか。<br>B: []来ます。	それでも	but/still	[2]
イメージ	イメージ	A: その店の印象はどうですか。<br>B: []は良いです。	イメージ	image	[2]
笑い	笑[わら]い	A: 田中さんの笑顔はどうですか。<br>B: []は可愛いです。	笑い	laugh/laughter	[2]
午後	午後[ごご]	A: 昼は何をしますか。<br>B: []勉強をします。	午後	afternoon	[2]
動く	動[うご]く	A: 何が動きましたか。<br>B: []ロボットが動いた。	動く	move/work	[1]
主人	主人[しゅじん]	A: 田中さんのお父さんは会社員ですか。<br>B: はい、[]は会社員です。	主人	master/husband	[2]
加える	加[くわ]える	A: 何を加えましたか。<br>B: []砂糖を加えました。	加える	add/include	[2]
困る	困[こま]る	A: 困ったことはありましたか。<br>B: はい、[]ました。	困る	have difficulty/trouble	[1]
取れる	取[と]れる	A: 何が取れましたか。<br>B: []汚れが取れました。	取れる	come off/be removed	[1]
環境	環境[かんきょう]	A: その町の自然はいいですか。<br>B: はい、[]は良いです。	環境	environment	[2]
対応	対応[たいおう]	A: その問題に答えましたか。<br>B: はい、[]しました。	対応	correspondence	[2]
比べる	比[くら]べる	A: 何と比べますか。<br>B: []これと比べます。	比べる	compare/contrast	[2]
高校	高校[こうこう]	A: こうこうはどこですか。<br>B: []は駅の近くです。	高校	high school	[2]
食事	食事[しょくじ]	A: 朝ごはんは食べましたか。<br>B: はい、[]しました。	食事	meal	[2]
引く	引[ひ]く	A: 何を引きましたか。<br>B: []ドアを引きました。	引く	pull/draw	[1]
辺	辺[へん]	A: このへんはどうですか。<br>B: []は静かです。	辺	region/area	[1]
要するに	要[よう]するに	A: 簡単に言うとどうですか。<br>B: []難しいということです。	要するに	in short	[2]
離れる	離[はな]れる	A: 何から離れましたか。<br>B: []家から離れました。	離れる	separate/leave	[2]
火	火[ひ]	A: ひはどこにありますか。<br>B: []はあそこにあります。	火	fire	[1]
実施	実施[じっし]	A: その計画をしましたか。<br>B: はい、[]しました。	実施	operation	[2]
今後	今後[こんご]	A: 来年はどうしますか。<br>B: []頑張ります。	今後	in the future	[2]
社会	社会[しゃかい]	A: 日本のしゃかいはどうですか。<br>B: []は安全です。	社会	society	[2]
練習	練習[れんしゅう]	A: ピアノをれんしゅうしましたか。<br>B: はい、[]しました。	練習	practice/training	[2]
使用	使用[しよう]	A: その機械を使いましたか。<br>B: はい、[]しました。	使用	use	[2]
越える	越[こ]える	A: 何を越えましたか。<br>B: []山を越えました。	越える	cross over	[1]
図る	図[はか]る	A: 何を図りましたか。<br>B: []計画を図りました。	図る	attempt/strive	[1]
企業	企業[きぎょう]	A: その会社は大きいですか。<br>B: はい、[]は大きいです。	企業	company/business	[2]
奴	奴[やつ]	A: あの人はだれですか。<br>B: []は田中さんです。	奴	guy/fellow	[1]
はっきり	はっきり	A: よく聞こえますか。<br>B: はい、[]しています。	はっきり	clearly/certainly	[2]
例	例[れい]	A: その見本は良いですか。<br>B: はい、[]は良いです。	例	example	[1]
絵	絵[え]	A: えを描きましたか。<br>B: はい、[]を描きました。	絵	picture/painting	[1]
思い出す	思[おも]い出[だ]す	A: 何を思い出しましたか。<br>B: []子供の時を思い出した。	思い出す	remember	[3]
酒	酒[さけ]	A: おさけを飲みますか。<br>B: はい、[]を飲みます。	酒	alcohol/sake	[1]
原因	原因[げんいん]	A: その病気の理由は何ですか。<br>B: []は分かりません。	原因	cause	[2]
守る	守[まも]る	A: 何を守りますか。<br>B: []ルールを守ります。	守る	protect/keep	[1]
小学校	小学校[しょうがっこう]	A: しょうがっこうはどこですか。<br>B: []は公園の近くです。	小学校	elementary school	[3]
回る	回[まわ]る	A: どこに回りますか。<br>B: []ここを回ります。	回る	spin/go around	[1]
広い	広[ひろ]い	A: この部屋は大きいですか。<br>B: はい、とても[]です。	広い	wide/large	[1]
猫	猫[ねこ]	A: ペットはいますか。<br>B: はい、[]がいます。	猫	cat	[1]
向こう	向[む]こう	A: あそこはどこですか。<br>B: []は公園です。	向こう	other side	[1]
同時	同時[どうじ]	A: 同じ時ですか。<br>B: はい、[]です。	同時	simultaneous	[2]
調べる	調[しら]べる	A: 何を調べましたか。<br>B: []事実を調べました。	調べる	investigate	[2]
のぼる	のぼる	A: どこにのぼりますか。<br>B: []山にのぼります。	のぼる	go up/rise	[1]
六	六[ろく]	A: 何個ですか。<br>B: []個です。	六	six	[1]
のみ	のみ	A: これだけですか。<br>B: はい、[]です。	のみ	only/merely	[1]
向ける	向[む]ける	A: 何に向けますか。<br>B: []あの人に向けます。	向ける	turn/point	[1]
落ちる	落[お]ちる	A: 何が落ちましたか。<br>B: []本が落ちた。	落ちる	fall/drop	[1]
だが	だが	A: そうですか。<br>B: []違います。	だが	but/however	[1]
決まる	決[き]まる	A: いつ決まりましたか。<br>B: []昨日決まりました。	決まる	be decided	[1]
起こす	起[お]こす	A: 何を起こしましたか。<br>B: []問題を起こしました。	起こす	wake/cause	[1]
場	場[ば]	A: その所はどこですか。<br>B: []は公園です。	場	field/place	[1]
いずれ	いずれ	A: いつか分かりますか。<br>B: []分かります。	いずれ	anyway/either	[1]
ホテル	ホテル	A: その宿は大きいですか。<br>B: はい、[]は大きいです。	ホテル	hotel	[2]
対象	対象[たいしょう]	A: そのクラスの生徒は学生ですか。<br>B: はい、[]は学生です。	対象	object/target	[2]
打つ	打[う]つ	A: 何を打ちましたか。<br>B: []釘を打ちました。	打つ	hit/strike	[1]
以前	以前[いぜん]	A: 昔はどこに住んでいましたか。<br>B: []は東京でした。	以前	before/formerly	[2]
夫	夫[おっと]	A: 田中さんのご主人は何をしていますか。<br>B: []は会社員です。	夫	husband	[1]
確認	確認[かくにん]	A: その予約をしましたか。<br>B: はい、[]しました。	確認	confirmation	[2]
数	数[かず]	A: そのすうじはいくつですか。<br>B: []は十です。	数	number	[1]
意見	意見[いけん]	A: その考えはどうですか。<br>B: []は良いです。	意見	opinion/idea	[2]
割と	割[わり]と	A: 面白いですか。<br>B: はい、[]面白い。	割と	comparatively	[1]
大丈夫	大丈夫[だいじょうぶ]	A: それは問題ないですか。<br>B: はい、[]です。	大丈夫	safe/all right	[2]
通う	通[かよ]う	A: どこに通いますか。<br>B: 学校に[]。	通う	attend/commute	[1]
申し上げる	申[もう]し上[あ]げる	A: 何を申し上げましたか。<br>B: []意見を申し上げました。	申し上げる	tell/say (humble)	[3]
可能性	可能性[かのうせい]	A: そのかのうせいはありますか。<br>B: はい、[]があります。	可能性	possibility	[3]
述べる	述[のべ]る	A: 何を述べましたか。<br>B: []意見を述べました。	述べる	describe/state	[2]
さえ	さえ	A: これ[]できます。<br>B: 本当ですか。	さえ	even/besides	[1]
三人	三人[さんにん]	A: 何人来ましたか。<br>B: []来ました。	三人	three people	[2]
一部	一部[いちぶ]	A: 本のいちぶはどこですか。<br>B: []はここです。	一部	part	[2]
きっと	きっと	A: 絶対来ますか。<br>B: はい、[]来ます。	きっと	surely/certainly	[1]
